{
  "train": {
    "f1": 0.9686609686609687,
    "accuracy": 0.972972972972973
  }
}
